,0,1,2,3,4,5,6,7,8,9,10,11,12,13,14,15,16,17,18,19,20,21,22,23,file,label
0,0.16846133333333332,0.20152266666666666,0.10303466666666666,0.04802133333333333,0.020544,0.025544,0.432872,0.0,0.05230933333333333,0.218736,0.11359733333333333,0.10987733333333333,0.31368,0.18748533333333334,0.004314666666666666,0.0,0.03196,0.08048,0.33804,0.2934,0.145648,0.066384,0.044088,0.0,temple_0.jpg,temple
1,0.28500545726102944,0.16796875,0.12938017003676472,0.09777113970588236,0.07139389935661765,0.2364602481617647,0.012020335477941176,0.0,0.12125746783088236,0.12060403262867647,0.1524715647977941,0.1878604664522059,0.28554543887867645,0.0999368106617647,0.03232421875,0.0,0.06421472886029411,0.0670309627757353,0.19047564338235295,0.25190286075367646,0.13633530560661763,0.13785041360294117,0.15219008501838235,0.0,temple_1.jpg,temple
2,0.15001649020735378,0.14622797077427865,0.0867469471975104,0.04066316003111998,0.011963856848087135,0.25299149274430877,0.31139008219734127,0.0,0.11307419747657545,0.14246270676183068,0.09458613807800291,0.054371173426242266,0.11163024726854515,0.4515314751547543,0.032344061834049316,0.0,0.08514443730338599,0.13520701552616446,0.10067060176572067,0.07567102459155024,0.36815233568988265,0.22597926462131718,0.009175320501978826,0.0,temple_10.jpg,temple
3,0.17501890697766986,0.1107550849818891,0.06987620905146678,0.0679258050392071,0.053377383274290494,0.1530470087171118,0.36999960195836484,0.0,0.11803924690522628,0.13985192851172232,0.06651275723440672,0.21309158938024916,0.31278111690482824,0.14580265095729014,0.0039207101062771164,0.0,0.041217211320304106,0.15451976276718546,0.35851610078414203,0.23989969350794094,0.1138598097360984,0.07915057915057915,0.01283684273374995,0.0,temple_100.jpg,temple
4,0.28179530201342284,0.1630238173187101,0.10143845146505157,0.07993943362252415,0.052261008348338515,0.034483958094614506,0.28705802913733836,0.0,0.21861393026681944,0.15245539368145358,0.12074807660828286,0.10022098543133082,0.08275495171059093,0.047493452283516126,0.2777132100180062,0.0,0.17729783925356032,0.11700360124406613,0.10892944835488623,0.10250245539368145,0.08068219021116385,0.06982935013913898,0.343755115403503,0.0,temple_101.jpg,temple
5,0.12762362944730365,0.23600805549339898,0.15355113000671292,0.10931752069814277,0.08911837100022377,0.19923920340120832,0.08514208995300962,0.0,0.09568583575744015,0.2042224211232938,0.1656231819198926,0.11405907361825912,0.09264712463638398,0.12074289550234951,0.20701946744238084,0.0,0.06022152606847169,0.12559633027522935,0.14816961288878944,0.16424032221973595,0.1336249720295368,0.19835309912732155,0.1697941373909152,0.0,temple_102.jpg,temple
6,0.050011413225914736,0.13082242363209132,0.11820140986908359,0.10371265525344076,0.062002014098690834,0.2088130245048674,0.3264370594159114,0.0,0.05675260154414233,0.13070426317556227,0.11600201409869083,0.16881235313863713,0.2642101376300772,0.19116414904330312,0.07235448136958711,0.0,0.06668277945619336,0.13409600537092983,0.13064921114467942,0.33758912386706946,0.21367908694192683,0.0852655253440752,0.032038267875125884,0.0,temple_103.jpg,temple
7,0.14581986143187067,0.13390300230946883,0.09561200923787529,0.07355125244270741,0.03412684313377154,0.010339314265411263,0.506647717178895,0.0,0.0575626221353704,0.09587493338070706,0.07623734233434003,0.09038905667081187,0.2812186889323148,0.345635103926097,0.05308225262035886,0.0,0.10285308225262035,0.1090602238408243,0.17958429561200923,0.2485308225262036,0.23087937466690353,0.1260437022561734,0.003048498845265589,0.0,temple_11.jpg,temple
8,0.2435174378092119,0.08495270364434535,0.04720489861333705,0.04625984251968504,0.23326989408403595,0.28934177060832,0.055453452721064736,0.0,0.08600010452233293,0.13343800083617866,0.20755957772977493,0.32511671660511465,0.1820800815274197,0.056113249947738836,0.009692268831440318,0.0,0.021795083966274127,0.16276958051703713,0.37099331057069196,0.18822730123336354,0.10697425266531949,0.048433036025364085,0.10080743502194969,0.0,temple_12.jpg,temple
9,0.18314531591385383,0.21738306505551344,0.12791501315378784,0.03970437419182236,0.025041244927988586,0.1246845320372765,0.28212645471975745,0.0,0.0783765104561466,0.17966290631827708,0.1713069068533464,0.11782895616890356,0.04093503366477906,0.16212154991751015,0.24976813662103714,0.0,0.04375306550140456,0.11358853168056361,0.13815713202835866,0.14288134837472688,0.1172448388103625,0.24882953582735096,0.1955455477772328,0.0,temple_13.jpg,temple
10,0.2978173629999554,0.1804008561109377,0.1222410487358987,0.07678690863691087,0.039911713559548756,0.040306327194899,0.24253578276184956,0.0,0.1503923841797833,0.17159450662148304,0.12483167610469523,0.12836090426717794,0.2220872163017791,0.1609332501003255,0.041800062424755875,0.0,0.14417666205912516,0.1386431533419539,0.12831631515583894,0.264290810184153,0.18133499799348998,0.10053283988050118,0.0427052213849378,0.0,temple_14.jpg,temple
11,0.16689615605278255,0.15528686173264486,0.11576305220883534,0.06991394148020653,0.04076305220883534,0.037776821572002295,0.41360011474469305,0.0,0.04388697647733792,0.09087205966724039,0.10289443488238668,0.12756741250717155,0.13386976477337922,0.15589787722317844,0.3450114744693058,0.0,0.0295754446356856,0.043379231210556514,0.048734939759036144,0.06685312679288583,0.11888984509466437,0.3630378657487091,0.3295295467584624,0.0,temple_15.jpg,temple
12,0.06479197359555053,0.11374356163131988,0.05950137618346067,0.04962825915647377,0.2061534244697982,0.11606480053905277,0.39011660442434415,0.0,0.048648941880517584,0.10662852183049532,0.06258208563173102,0.05247770125969324,0.3338301298523315,0.3824362444467286,0.013396375098502758,0.0,0.00414282614405957,0.06171982960450429,0.22517159465972295,0.2562927559073103,0.11014035929237903,0.09710087824488071,0.24543175614714313,0.0,temple_16.jpg,temple
13,0.24799208704253214,0.14842070557204087,0.048954830201121,0.027332673920211013,0.008242664029014177,0.29419716452357403,0.22485987471150676,0.0,0.10811078140454995,0.11213979558193209,0.137441477085394,0.08104187273326739,0.16530168150346192,0.3717045829212001,0.024259808770194527,0.0,0.04608638311902407,0.05384108143752061,0.12792614573030003,0.20110781404549952,0.2984240026376525,0.18771513353115726,0.08489943949884603,0.0,temple_17.jpg,temple
14,0.24799208704253214,0.14842070557204087,0.048954830201121,0.027332673920211013,0.008242664029014177,0.29419716452357403,0.22485987471150676,0.0,0.10811078140454995,0.11213979558193209,0.137441477085394,0.08104187273326739,0.16530168150346192,0.3717045829212001,0.024259808770194527,0.0,0.04608638311902407,0.05384108143752061,0.12792614573030003,0.20110781404549952,0.2984240026376525,0.18771513353115726,0.08489943949884603,0.0,temple_18.jpg,temple
15,0.009641666666666666,0.14682083333333334,0.18410416666666668,0.09791666666666667,0.011591666666666667,0.05464583333333333,0.49527916666666666,0.0,0.031920833333333336,0.09005833333333334,0.09071666666666667,0.1287375,0.15803333333333333,0.21374583333333333,0.2867875,0.0,0.03607916666666667,0.079225,0.061454166666666664,0.13045,0.240075,0.27545416666666667,0.1772625,0.0,temple_19.jpg,temple
16,0.4679214509394572,0.21313609081419624,0.049853209812108557,0.013093684759916492,0.006080375782881002,0.007212291231732776,0.24270289665970773,0.0,0.17968423799582464,0.19885829853862214,0.1933161534446764,0.144125130480167,0.1582267745302714,0.061508350730688936,0.06428105427974948,0.0,0.15799843423799584,0.08868410751565763,0.09116649269311065,0.13418580375782882,0.14228209812108558,0.15799517223382045,0.22768789144050106,0.0,temple_2.jpg,temple
17,0.13792835820895522,0.1229134328358209,0.09258507462686567,0.08952835820895523,0.07682388059701492,0.027116417910447763,0.4531044776119403,0.0,0.08080597014925373,0.10885970149253732,0.09869850746268656,0.08371343283582089,0.11077014925373134,0.48273432835820895,0.03441791044776119,0.0,0.03962985074626866,0.06795820895522388,0.0971223880597015,0.1668,0.4188537313432836,0.13250149253731344,0.07713432835820895,0.0,temple_20.jpg,temple
18,0.08390544858967175,0.2328688681046001,0.2589511664993935,0.12495612927854984,0.04863030989661903,0.005720126347677776,0.24496795128348797,0.0,0.017813052232327025,0.10899642261204737,0.2009617693600724,0.24650727484314294,0.15188197698403413,0.027947958549095184,0.24589154541928096,0.0,0.008029111687160194,0.04014555843580097,0.10993848863055619,0.18110449544052362,0.20317839528597553,0.17801353373273648,0.279590416787247,0.0,temple_21.jpg,temple
19,0.13792835820895522,0.1229134328358209,0.09258507462686567,0.08952835820895523,0.07682388059701492,0.027116417910447763,0.4531044776119403,0.0,0.08080597014925373,0.10885970149253732,0.09869850746268656,0.08371343283582089,0.11077014925373134,0.48273432835820895,0.03441791044776119,0.0,0.03962985074626866,0.06795820895522388,0.0971223880597015,0.1668,0.4188537313432836,0.13250149253731344,0.07713432835820895,0.0,temple_22.jpg,temple
20,0.13792835820895522,0.1229134328358209,0.09258507462686567,0.08952835820895523,0.07682388059701492,0.027116417910447763,0.4531044776119403,0.0,0.08080597014925373,0.10885970149253732,0.09869850746268656,0.08371343283582089,0.11077014925373134,0.48273432835820895,0.03441791044776119,0.0,0.03962985074626866,0.06795820895522388,0.0971223880597015,0.1668,0.4188537313432836,0.13250149253731344,0.07713432835820895,0.0,temple_23.jpg,temple
21,0.24328358208955222,0.17721194029850745,0.1452417910447761,0.13528358208955224,0.07814925373134328,0.015391044776119403,0.20543880597014924,0.0,0.13052537313432835,0.15656119402985075,0.12088955223880597,0.11288955223880597,0.14032238805970149,0.32502089552238805,0.013791044776119404,0.0,0.04386268656716418,0.08305671641791045,0.13115223880597016,0.2569373134328358,0.17425074626865672,0.16052537313432835,0.15021492537313433,0.0,temple_24.jpg,temple
22,0.18217391304347827,0.2192728635682159,0.08133883058470764,0.052755622188905546,0.005523238380809595,0.08623388305847077,0.3727016491754123,0.0,0.027727136431784108,0.1658185907046477,0.1829145427286357,0.06292353823088456,0.09584857571214393,0.13887106446776612,0.32589655172413795,0.0,0.010740629685157422,0.02766416791604198,0.06932383808095952,0.1444542728635682,0.24208695652173914,0.3077376311844078,0.19799250374812594,0.0,temple_25.jpg,temple
23,0.012955252213064714,0.3056688320360195,0.32579508165445664,0.037331158424908424,0.011169060973748474,0.013361855158730158,0.29371875953907206,0.0,0.0016371432387057387,0.055612789987789985,0.2773532890720391,0.31458547962454214,0.035794175442612944,0.019079336462148964,0.29593778617216115,0.0,8.346688034188035e-06,0.032208676739926737,0.02732586423992674,0.058240804334554336,0.22305689102564102,0.30834573412698413,0.35081368284493286,0.0,temple_26.jpg,temple
24,0.17378160253266153,0.15878628438935213,0.1202791278369822,0.14643510054844608,0.0714562803763321,0.062282070718330584,0.2669795335978954,0.0,0.10274223034734918,0.15232309270076247,0.13862754715298525,0.14405181254737592,0.18678378739911713,0.2607036161769296,0.014767913675480448,0.0,0.14611628840237215,0.10785883087350069,0.12794176662059126,0.2210683551076827,0.27509252240602844,0.0755049716859143,0.04641726490391047,0.0,temple_27.jpg,temple
25,0.31263174641053176,0.21190788688700632,0.042616235135027644,0.009744262816688542,0.006542576462633735,0.009465855307640297,0.4070914369804717,0.0,0.048065067812114705,0.16785984170544485,0.25142186692121066,0.1037266833711172,0.010002784075090483,0.008570974028556656,0.4103527820864654,0.0,0.028656087181322832,0.043630433917989105,0.09111880046136102,0.190172214930597,0.19393071630274827,0.18623473730262896,0.2662570099033528,0.0,temple_28.jpg,temple
26,0.16063871742112482,0.06825703017832647,0.07973422496570645,0.09786951303155007,0.10925411522633745,0.2430384087791495,0.24120799039780522,0.0,0.12260802469135802,0.048605109739369,0.05019890260631001,0.08352966392318244,0.2690286351165981,0.3808187585733882,0.04521090534979424,0.0,0.14541838134430726,0.12679869684499315,0.0787945816186557,0.08482424554183814,0.105625,0.2062568587105624,0.25228223593964333,0.0,temple_29.jpg,temple
27,0.11841510416666666,0.16486979166666665,0.196096875,0.09980989583333333,0.032489583333333336,0.14025520833333333,0.24806354166666666,0.0,0.05641510416666667,0.12420260416666666,0.10287916666666666,0.2486515625,0.2524140625,0.20023802083333334,0.015199479166666667,0.0,0.016910416666666667,0.07864427083333334,0.22883802083333332,0.21929583333333333,0.19828541666666666,0.1618140625,0.09621197916666667,0.0,temple_3.jpg,temple
28,0.17399411764705883,0.2746411764705882,0.10238235294117647,0.026047058823529413,0.027823529411764705,0.3387176470588235,0.056394117647058824,0.0,0.08430588235294117,0.2571294117647059,0.11225294117647058,0.38891176470588235,0.15107058823529412,0.006217647058823529,0.00011176470588235294,0.0,0.06242941176470588,0.17808235294117647,0.4515529411764706,0.19492352941176472,0.06516470588235294,0.03775882352941176,0.010088235294117648,0.0,temple_30.jpg,temple
29,0.2178120648609801,0.1764542065310156,0.10183039123208912,0.038950276243093926,0.010115438170956295,0.006825225710820644,0.44801239725104436,0.0,0.0645914746440282,0.17145038853703454,0.1172910209765081,0.09561155280061089,0.07753896599739478,0.13958361406818487,0.3339329829762386,0.0,0.024983155908907154,0.09844136010420877,0.13511206935273773,0.13244171944481875,0.13767686295647488,0.36486098010151374,0.106483852131339,0.0,temple_31.jpg,temple
30,0.2178120648609801,0.1764542065310156,0.10183039123208912,0.038950276243093926,0.010115438170956295,0.006825225710820644,0.44801239725104436,0.0,0.0645914746440282,0.17145038853703454,0.1172910209765081,0.09561155280061089,0.07753896599739478,0.13958361406818487,0.3339329829762386,0.0,0.024983155908907154,0.09844136010420877,0.13511206935273773,0.13244171944481875,0.13767686295647488,0.36486098010151374,0.106483852131339,0.0,temple_32.jpg,temple
31,0.22028377110694183,0.13275562851782363,0.1286327392120075,0.005628517823639775,0.018323170731707316,0.11189258911819887,0.38248358348968103,0.0,0.09217401500938087,0.1775984990619137,0.07735459662288931,0.13063320825515948,0.031334427767354595,0.191203095684803,0.29970215759849905,0.0,0.009197936210131333,0.03773921200750469,0.08288461538461539,0.13811679174484054,0.27427063789868666,0.3329878048780488,0.1248030018761726,0.0,temple_33.jpg,temple
32,0.1711240540433456,0.151234201038076,0.11832877689290384,0.044138040334403106,0.016086215777170253,0.07547842624509687,0.4236102856690043,0.0,0.0836403977970601,0.07684535837394509,0.09732952969610524,0.1261935892864218,0.2420064186378224,0.28356907959903327,0.09041562660961211,0.0,0.03659019770989342,0.050933079757518124,0.0712191449740481,0.17556163080946155,0.3031617734458576,0.22615793018740837,0.13637624311581284,0.0,temple_34.jpg,temple
33,0.1088936406113883,0.15288667141838916,0.13916607270135425,0.056010928961748634,0.014532351310683455,0.027619387027797575,0.5008909479686386,0.0,0.074008077928249,0.11938702779757662,0.14025500910746813,0.14336342757582957,0.1736358596657955,0.2163023679417122,0.13304822998336896,0.0,0.12475251445315594,0.21754969509780628,0.26546289696681713,0.2068583194741427,0.14065098598241862,0.03906311871386711,0.005662469311792192,0.0,temple_35.jpg,temple
34,0.2062394436164928,0.13635370094386487,0.1351018380526577,0.010173869846000994,0.02185792349726776,0.11183308494783904,0.3784401390958768,0.0,0.086100347739692,0.17778440139095877,0.08387481371087928,0.1324788872329856,0.03141579731743666,0.19155489319423746,0.2967908594138102,0.0,0.00488822652757079,0.02990561351217089,0.09388971684053651,0.14475906607054148,0.26539493293591654,0.3347839046199702,0.12637853949329358,0.0,temple_36.jpg,temple
35,0.2945939509407002,0.15964118440898625,0.06400333412717314,0.03252758593315869,0.033480193696911964,0.02754624116853219,0.3882075097245376,0.0,0.07634754306580932,0.09940858934666984,0.10945066285623561,0.1135786298324998,0.11238787012780821,0.06944113677859808,0.41938556799237914,0.0,0.01998491704374057,0.017305707708184487,0.02377550210367548,0.04094228784631261,0.07662538699690402,0.1414027149321267,0.6799634833690561,0.0,temple_37.jpg,temple
36,0.13339162923804604,0.14324893676219247,0.09066338089749196,0.08875551492507651,0.0830319170078302,0.4459239238443499,0.014984697325012918,0.0,0.038654159545291944,0.1401089073492587,0.10994077666043961,0.30205890536189833,0.32427759449898647,0.07722882467506657,0.007730831909058389,0.0,0.019416510990102945,0.1145713263643229,0.30164155968043244,0.3407130649071903,0.11149091776302715,0.07929567947851664,0.032870940816407644,0.0,temple_38.jpg,temple
37,0.149743263145325,0.12605978585360028,0.15967440194244317,0.109640568403455,0.0288580185487402,0.02354416271942045,0.4024797993870159,0.0,0.09746049436771086,0.07690164391195319,0.12223858615611193,0.1673964096644509,0.11151136408868367,0.4155355650201011,0.008955936790988337,0.0,0.09031564701667795,0.061019782669267206,0.0888030888030888,0.15053934641563507,0.43308920113043825,0.16841141583409625,0.00782151813079648,0.0,temple_39.jpg,temple
38,0.2798882681564246,0.12300848334367888,0.07966583902338092,0.04423753362300848,0.023655079660666253,0.02010138630250362,0.42944340989033725,0.0,0.12427063935443823,0.11160252431202151,0.08605421063521622,0.07111007655700394,0.06050072418787503,0.22735878336436996,0.3191030415890751,0.0,0.09834471342851231,0.05018621973929237,0.06855990068280571,0.21977550175874197,0.20243637492240843,0.14672563625077592,0.21397165321746328,0.0,temple_4.jpg,temple
39,0.1418191177635226,0.22012354478498455,0.09341094480082363,0.02613447374673319,0.006573216124178348,0.008632295873920963,0.5033064069058367,0.0,0.08333333333333333,0.20058208600617725,0.12837570285895303,0.05937673239882791,0.2750455373406193,0.19072226181990973,0.06256434624217945,0.0,0.07216678545972915,0.18064465035241942,0.2063633483804546,0.2919735487447533,0.14587788073176527,0.08584778648926902,0.01712599984160925,0.0,temple_40.jpg,temple
40,0.11787675169966899,0.23965828229371072,0.11757943350974212,0.07266456561812451,0.06705516243483776,0.284791183524608,0.10037462091930785,0.0,0.06687677152088164,0.1919882658421042,0.1305226853778914,0.10562724227468237,0.25763612217795484,0.24259182176765576,0.004757091038829756,0.0,0.012190045787001249,0.09082079641632475,0.12239598818655725,0.24104576718003606,0.2937701928603992,0.19313789617648808,0.046639313393193396,0.0,temple_41.jpg,temple
41,0.24489511602913666,0.11167058074274569,0.06782629463041834,0.053417187437806,0.025713489631015406,0.02629065000199021,0.4701866815268877,0.0,0.10719261234725153,0.11791983441467978,0.09968952752457907,0.1789794212474625,0.2633045416550571,0.11057596624606934,0.12233809656490069,0.0,0.06356724913425944,0.08522071408669347,0.20310074433785774,0.27204155554671017,0.15032042351629982,0.12912470644429408,0.09662460693388529,0.0,temple_42.jpg,temple
42,0.24451697647573936,0.11334235561039685,0.0930223301357322,0.08534012657723998,0.027245949926362298,0.018011383990765434,0.41852087728376386,0.0,0.12277594236357123,0.10560044580663137,0.0658161843728854,0.08916132627472834,0.10977988297575926,0.293953747561995,0.21291247064442942,0.0,0.0733789754408311,0.08321060382916053,0.10428690841061974,0.08973848664570314,0.19908052382279187,0.27976356326871793,0.1705409385821757,0.0,temple_43.jpg,temple
43,0.12321907600596126,0.13198211624441133,0.1333532041728763,0.15401887729756583,0.05120715350223547,0.03650273224043716,0.36971684053651266,0.0,0.08435171385991058,0.10438152011922504,0.11697963238946846,0.143725782414307,0.13897665176353702,0.33899652260308,0.07258817685047193,0.0,0.04025832091405862,0.0810134128166915,0.10134128166915052,0.06601092896174864,0.28749130650769994,0.2681569796323895,0.1557277694982613,0.0,temple_44.jpg,temple
44,0.04923994038748137,0.18974664679582712,0.18871336313959264,0.04417287630402385,0.4882662692498758,0.03968206656731247,0.00017883755588673621,0.0,0.017486338797814208,0.04200695479384004,0.2784500745156483,0.5014605067064083,0.14140089418777943,0.018837555886736215,0.00035767511177347243,0.0,0.010611028315946349,0.4256333830104322,0.15372081470442125,0.23372081470442127,0.1588474913065077,0.01669150521609538,0.0007749627421758569,0.0,temple_45.jpg,temple
45,0.07864143157560607,0.14857358251001865,0.13182954410189263,0.0961591873983256,0.06572630242431457,0.0912986549220331,0.3877712970678094,0.0,0.05007340395984605,0.11829940880053962,0.12119588937824863,0.1043923342459231,0.09574257032892909,0.36858707296750387,0.14170932031900965,0.0,0.04570884418521604,0.1090147998254176,0.1082609213188906,0.0993532515970321,0.23064714518112922,0.3316271872396143,0.07538785065270008,0.0,temple_46.jpg,temple
46,0.20451379214265814,0.1627990287784102,0.07178680890021097,0.03349520359829638,0.013334394777693747,0.29550610993909965,0.21856466186363094,0.0,0.09849540261911396,0.11137204951637941,0.14432989690721648,0.08637503482864307,0.16827210126179198,0.36677546471360906,0.02438005015324603,0.0,0.028479878995342912,0.052541495840464914,0.13622974963181148,0.21631572662500498,0.3159853520678263,0.18317876049834814,0.0672690363412013,0.0,temple_47.jpg,temple
47,0.06391081842345381,0.14045701590827944,0.15023604554290476,0.11480937834728448,0.20222557226167334,0.2461221089379934,0.08223906057841075,0.0,0.027908914190502638,0.1088388146149879,0.17195620264212322,0.29537430078946325,0.22898401237751417,0.1317491173086841,0.03518863807672472,0.0,0.16711627722458047,0.1634863331614234,0.16433927083746577,0.19375570278097354,0.171559487443964,0.10088467489189511,0.0388582536596977,0.0,temple_48.jpg,temple
48,0.24055638350720318,0.2556582215598609,0.12009935419771485,0.0539692001987084,0.05241927471435668,0.10058618976651763,0.17671137605563836,0.0,0.141679085941381,0.18324888226527572,0.24906110283159463,0.2495578738201689,0.13333333333333333,0.03996025832091406,0.00315946348733234,0.0,0.35731743666169896,0.16846497764530552,0.15781420765027324,0.15990064580228514,0.10605067064083458,0.04170889220069548,0.008743169398907104,0.0,temple_49.jpg,temple
49,0.28836383016521583,0.1561165393497957,0.057114940486764965,0.016827145141232902,0.2948410019541659,0.16820394386214246,0.01853259904068218,0.0,0.13234322259726417,0.18461183158642744,0.12139634038017409,0.07691241783620537,0.3751501154734411,0.10176940842067862,0.007816663705809202,0.0,0.0661929294723752,0.13236809379996448,0.11349795700834962,0.20298809735299342,0.3697708296322615,0.10047965890922012,0.014702433824835673,0.0,temple_5.jpg,temple
50,0.13896551724137932,0.12489805097451274,0.12257571214392804,0.07191904047976012,0.016458770614692652,0.1908305847076462,0.33435232383808094,0.0,0.05172713643178411,0.14311244377811094,0.0845352323838081,0.1663568215892054,0.3351979010494753,0.15490704647676162,0.06416341829085458,0.0,0.015835082458770616,0.0974167916041979,0.24887856071964018,0.24717991004497752,0.15642428785607196,0.16493253373313344,0.0693328335832084,0.0,temple_50.jpg,temple
51,0.2956412484241371,0.20035946710279737,0.09689597601281134,0.053196872125114994,0.02947885788272173,0.14727503492452895,0.1771525435278885,0.0,0.20033817165831885,0.21437101775188253,0.1172535691164946,0.1160371733278817,0.1479104909877679,0.12384663872704352,0.08024293843061092,0.0,0.09471958158710689,0.17269412927186617,0.19570769021091008,0.18441429009506285,0.12822327847626835,0.13998262291730554,0.08425840744148012,0.0,temple_51.jpg,temple
52,0.08395061728395062,0.0970074074074074,0.1555111111111111,0.1603522633744856,0.12091851851851852,0.2093366255144033,0.17292345679012347,0.0,0.059697119341563784,0.07767407407407408,0.18742880658436215,0.28954074074074077,0.28040658436213994,0.09547489711934157,0.009777777777777778,0.0,0.1619374485596708,0.22469300411522633,0.14179259259259258,0.12943703703703704,0.11230288065843622,0.13900576131687242,0.09083127572016461,0.0,temple_52.jpg,temple
53,0.23821481481481482,0.1430962962962963,0.1067037037037037,0.05131111111111111,0.02377037037037037,0.023251851851851853,0.4136518518518518,0.0,0.09204444444444444,0.12742962962962964,0.10148148148148148,0.08274074074074074,0.06765925925925925,0.23077777777777778,0.29786666666666667,0.0,0.07547407407407407,0.05232592592592593,0.07877777777777778,0.2338222222222222,0.22105925925925926,0.15218518518518517,0.18635555555555555,0.0,temple_53.jpg,temple
54,0.3368955929820076,0.16430283468089865,0.05315585951231984,0.022556006519446486,0.12786743792144706,0.2809050525710268,0.014317215812853536,0.0,0.21417660030040586,0.13375731040874372,0.22509347735770668,0.24242433926688184,0.13911987472436163,0.04420759962928637,0.0012207983126138505,0.0,0.4330350580038989,0.13702981688025312,0.12276053817391583,0.1074238598958167,0.1026141702086862,0.07316800357930395,0.02396855325812534,0.0,temple_54.jpg,temple
55,0.33462301587301585,0.1719501133786848,0.05051303854875283,0.022346938775510205,0.12781179138321996,0.2810232426303855,0.01173185941043084,0.0,0.2080328798185941,0.14254818594104307,0.23102891156462585,0.2408248299319728,0.1351672335600907,0.04140873015873016,0.0009892290249433108,0.0,0.4301077097505669,0.1379280045351474,0.12538548752834466,0.11083333333333334,0.10632936507936508,0.0704875283446712,0.01892857142857143,0.0,temple_55.jpg,temple
56,0.035387369791666665,0.157236328125,0.10017578125,0.14856119791666667,0.07397135416666667,0.48001302083333336,0.004654947916666667,0.0,0.014934895833333333,0.14756510416666666,0.08438802083333333,0.17203450520833333,0.482626953125,0.09722005208333333,0.00123046875,0.0,0.0069368489583333335,0.122900390625,0.21647786458333335,0.40349934895833334,0.17475260416666666,0.07076822916666667,0.004664713541666666,0.0,temple_56.jpg,temple
57,0.12529304029304028,0.34166971916971917,0.09212454212454213,0.015082417582417582,0.004096459096459096,0.00938034188034188,0.41235347985347987,0.0,0.04835775335775336,0.26492063492063495,0.19576923076923078,0.03210927960927961,0.11557387057387057,0.19594322344322343,0.1473260073260073,0.0,0.011025641025641025,0.13402625152625153,0.27956654456654456,0.2081959706959707,0.14024114774114774,0.11336385836385836,0.11358058608058608,0.0,temple_57.jpg,temple
58,0.1958047235438293,0.1059280585191593,0.05861515102364475,0.06306718970267845,0.049585546023965144,0.14613157099032423,0.38086776019639884,0.0,0.13103371199378444,0.14709211401063693,0.05136984072632321,0.19207268538542868,0.31703463912117136,0.15750552672049212,0.0038914820421632706,0.0,0.04336285423074458,0.16607494713571702,0.357827868688325,0.2311220444059977,0.0958580634051006,0.08011066456811483,0.025643557566000258,0.0,temple_58.jpg,temple
59,0.17701208364917287,0.1615240558255674,0.05368083114103536,0.024684532037276496,0.04006108708253445,0.3467316181388505,0.19630579212556293,0.0,0.07940874838364471,0.15919427475810408,0.12211619922414946,0.05225843848932091,0.1529451108039417,0.3269385116154635,0.10713871672537566,0.0,0.036061443795425155,0.12724394702813574,0.10599500601953003,0.16609221028224908,0.17442814464707718,0.3023030276006599,0.08787622062692291,0.0,temple_59.jpg,temple
60,0.18604255319148935,0.10719148936170213,0.06480851063829787,0.06251063829787235,0.049191489361702125,0.14661702127659573,0.38363829787234044,0.0,0.1357872340425532,0.12976595744680852,0.06251063829787235,0.20642553191489363,0.3020851063829787,0.151468085106383,0.011957446808510639,0.0,0.047446808510638296,0.15574468085106383,0.3525957446808511,0.24017021276595746,0.1036595744680851,0.07419148936170213,0.02619148936170213,0.0,temple_6.jpg,temple
61,0.0339625,0.12770416666666667,0.1472875,0.11807083333333333,0.06829166666666667,0.06835416666666666,0.43632916666666666,0.0,0.06697916666666667,0.0981375,0.0807375,0.08677916666666667,0.1018125,0.38257083333333336,0.18298333333333333,0.0,0.0825875,0.0763125,0.0798875,0.21545,0.2868,0.24325416666666666,0.015708333333333335,0.0,temple_60.jpg,temple
62,0.07743406702359706,0.26252825698988697,0.2817846519928614,0.04019829466587349,0.017735474915724768,0.23625619670830855,0.08406305770374776,0.0,0.04067023597065239,0.10917311124330756,0.3376046004362483,0.19838984731310727,0.23193337299226652,0.08216736069799722,6.147134642078128e-05,0.0,0.02285147729526076,0.0698631766805473,0.3215923061669641,0.347703747769185,0.21086258179654968,0.026995835812016658,0.00013087447947650208,0.0,temple_61.jpg,temple
63,0.18601233574684903,0.20428533118798606,0.14388307857334406,0.05286672030034862,0.012780906409224994,0.03476535264145884,0.36540627514078844,0.0,0.10245105926521855,0.15624564226334137,0.1663502279431483,0.42444623223384287,0.11130598015553768,0.03575757575757576,0.0034432823813354786,0.0,0.2062322338428533,0.35950657012603915,0.18091177259318852,0.09309734513274336,0.08030034861893269,0.06870474658085278,0.011246983105390185,0.0,temple_62.jpg,temple
64,0.23679733276367188,0.23233159383138022,0.06441879272460938,0.007376352945963542,0.004477183024088542,0.011486053466796875,0.44311269124348956,0.0,0.13513946533203125,0.1788965861002604,0.07626851399739583,0.12482070922851562,0.029574076334635418,0.4471931457519531,0.008107503255208334,0.0,0.05587132771809896,0.20168304443359375,0.0552825927734375,0.034062703450520836,0.41897328694661456,0.19535064697265625,0.038776397705078125,0.0,temple_63.jpg,temple
65,0.08328804347826087,0.1610548418972332,0.18847579051383398,0.04277420948616601,0.02063982213438735,0.062104743083003955,0.44166254940711464,0.0,0.02587697628458498,0.05518774703557312,0.08559782608695653,0.20337203557312253,0.11561264822134387,0.5102272727272728,0.004125494071146245,0.0,0.00487895256916996,0.0266798418972332,0.04757905138339921,0.06145009881422925,0.28178112648221343,0.49997529644268773,0.0776556324110672,0.0,temple_64.jpg,temple
66,0.2098674368351064,0.18911028922872342,0.06113904587765957,0.022767411901595744,0.015962641289893616,0.006970994015957447,0.49418218085106386,0.0,0.10221181017287234,0.16273271276595744,0.14243267952127658,0.054864112367021274,0.01855988198138298,0.2607421875,0.25845661569148937,0.0,0.08457654587765957,0.16554812167553193,0.10385326628989362,0.08049887799202128,0.4595090176196808,0.07624979222074468,0.029764378324468085,0.0,temple_65.jpg,temple
67,0.17314771611989768,0.14172284523675446,0.08473685904139784,0.028395250430389523,0.006758322204881502,0.012778948723311827,0.5524600582433672,0.0,0.0927517577590784,0.1182855212137789,0.0822357730117613,0.09490209643943172,0.04422634466558332,0.24755361768538928,0.3200448892249771,0.0,0.017514037938635305,0.07122182356442971,0.09545476485447203,0.08295657490386626,0.24061992180586617,0.4736577478158737,0.018575129116856787,0.0,temple_66.jpg,temple
68,0.10661077844311377,0.15657485029940119,0.11654491017964072,0.0717065868263473,0.03846706586826347,0.024604790419161676,0.48549101796407185,0.0,0.033269461077844315,0.14668862275449102,0.14619760479041916,0.09140119760479042,0.06222155688622755,0.0338562874251497,0.48636526946107783,0.0,0.05078443113772455,0.09650898203592814,0.12525149700598803,0.09468862275449101,0.05826946107784431,0.05222754491017964,0.5222694610778443,0.0,temple_67.jpg,temple
69,0.3842688666449653,0.1454010009765625,0.10194227430555555,0.12123955620659722,0.1402164035373264,0.0990871853298611,0.007844712999131944,0.0,0.2966935899522569,0.17387559678819445,0.2220831976996528,0.17391459147135416,0.1111178927951389,0.021937052408854168,0.0003780788845486111,0.0,0.383697509765625,0.19169108072916666,0.12322150336371528,0.07381184895833333,0.0698699951171875,0.0803070068359375,0.07740105523003472,0.0,temple_68.jpg,temple
70,0.26909110915492956,0.18561473004694837,0.16087514671361502,0.1031506748826291,0.027956279342723003,0.02171361502347418,0.23159844483568076,0.0,0.15666079812206574,0.16387910798122066,0.14583333333333334,0.14934345657276996,0.12104606807511738,0.09836781103286385,0.1648694248826291,0.0,0.10969776995305164,0.11530589788732394,0.12318808685446009,0.1448100058685446,0.12743544600938966,0.20423268779342724,0.17533010563380283,0.0,temple_69.jpg,temple
71,0.034720563466544174,0.2636985147756852,0.19638723013321083,0.0673817179604961,0.01220257234726688,0.008345582606032766,0.41726381871076407,0.0,0.002044862961261675,0.09412953605879651,0.16585438677078548,0.19376741693461952,0.10568366253253714,0.018204715969989283,0.4203154187720104,0.0,0.0005542795896493646,0.03435538202419231,0.11848185576481396,0.12868626550298576,0.11052595314653192,0.12490200581840454,0.4824942581534221,0.0,temple_7.jpg,temple
72,0.2237008426966292,0.12747659176029963,0.07643492509363296,0.06223548689138577,0.05360720973782772,0.025437734082397002,0.43110720973782773,0.0,0.09055243445692884,0.133813202247191,0.12452949438202247,0.08605102996254682,0.0670809925093633,0.22916666666666666,0.2688061797752809,0.0,0.02141619850187266,0.06335205992509363,0.09899344569288389,0.11774344569288389,0.18552668539325842,0.359250936329588,0.1537172284644195,0.0,temple_70.jpg,temple
73,0.192445,0.1527625,0.1362775,0.0835,0.228235,0.1921175,0.0146625,0.0,0.1434625,0.1173125,0.3231275,0.2802325,0.1270625,0.0087075,9.5e-05,0.0,0.2427825,0.29329,0.1559125,0.1058325,0.078275,0.0952075,0.0287,0.0,temple_71.jpg,temple
74,0.2042042042042042,0.13258258258258257,0.08004709254709255,0.07276139776139776,0.049924924924924924,0.020553508053508054,0.4399262899262899,0.0,0.0969048594048594,0.1316919191919192,0.11625716625716626,0.08867390117390117,0.07262489762489763,0.27324256074256076,0.22060469560469562,0.0,0.01725020475020475,0.06738329238329238,0.10064837564837564,0.1263923013923014,0.22682568932568933,0.32013377013377015,0.14136636636636637,0.0,temple_72.jpg,temple
75,0.11574494175352544,0.12856223175965664,0.10820355610055181,0.09146229307173513,0.03112814224402207,0.11566217044757818,0.40923666462293073,0.0,0.03719803801348866,0.08021459227467811,0.0932495401594114,0.12000919681177193,0.3603494788473329,0.24532188841201716,0.06365726548129981,0.0,0.0023451870018393623,0.018412017167381976,0.11254138565297364,0.26533721643163705,0.23952483139178418,0.20044451256897608,0.16139484978540772,0.0,temple_73.jpg,temple
76,0.17219558869949494,0.1658010771780303,0.09612728851010101,0.06340997869318182,0.042522391887626264,0.2011743410669192,0.25876933396464646,0.0,0.08548374368686869,0.16020803740530304,0.12461775962752525,0.1770266137941919,0.22404217960858586,0.12300741792929293,0.10561424794823232,0.0,0.007740984059343434,0.06345190183080808,0.23005691682449494,0.23988665956439395,0.19181561710858586,0.11502969144570707,0.15201822916666666,0.0,temple_74.jpg,temple
77,0.27763333333333334,0.24259583333333334,0.061875,0.016225,0.022070833333333335,0.14218333333333333,0.23741666666666666,0.0,0.07841666666666666,0.15154166666666666,0.21382083333333332,0.183375,0.23102916666666667,0.13670833333333332,0.005108333333333334,0.0,0.035,0.08623333333333333,0.27095833333333336,0.3243,0.1966625,0.05898333333333333,0.0278625,0.0,temple_75.jpg,temple
78,0.3352922028186274,0.13028301164215686,0.024034926470588237,0.00633999693627451,0.017107077205882355,0.08384076286764706,0.4031020220588235,0.0,0.08432712928921568,0.10736634497549019,0.14284620098039216,0.12227519914215686,0.10766697303921569,0.2681717218137255,0.16734643075980393,0.0,0.03056066176470588,0.06324103860294118,0.09967256433823529,0.19899088541666668,0.24355851715686275,0.2617685355392157,0.10220779718137254,0.0,temple_76.jpg,temple
79,0.29579359430604985,0.2510604982206406,0.11621708185053381,0.06347153024911031,0.04016548042704626,0.019197508896797152,0.21409430604982208,0.0,0.09514768683274022,0.2061156583629893,0.21461387900355872,0.12449288256227758,0.18768861209964413,0.1516370106761566,0.02030427046263345,0.0,0.06875266903914591,0.13569928825622776,0.183644128113879,0.2939982206405694,0.16951957295373665,0.0812864768683274,0.06709964412811388,0.0,temple_77.jpg,temple
80,0.2096668956043956,0.13128434065934066,0.08645604395604396,0.05722527472527472,0.022881181318681318,0.024550137362637364,0.46793612637362636,0.0,0.0740831043956044,0.14194711538461538,0.11870879120879121,0.1034787087912088,0.09855425824175824,0.12865384615384615,0.3345741758241758,0.0,0.018557692307692306,0.0848798076923077,0.1361504120879121,0.19375,0.15156936813186814,0.15978365384615384,0.25530906593406594,0.0,temple_78.jpg,temple
81,0.4527600606282552,0.0968615214029948,0.08389918009440105,0.07188924153645833,0.030459086100260418,0.011088053385416666,0.25304285685221356,0.0,0.3075752258300781,0.14938481648763022,0.07306543986002605,0.06542205810546875,0.2017974853515625,0.1497675577799479,0.05298741658528646,0.0,0.16435750325520834,0.17887751261393228,0.22931543986002603,0.1598027547200521,0.08039347330729167,0.07875696818033855,0.10849634806315105,0.0,temple_79.jpg,temple
82,0.20619790104947527,0.19403298350824588,0.06319940029985008,0.01375112443778111,0.04008545727136432,0.09382608695652174,0.3889070464767616,0.0,0.15611244377811095,0.1821064467766117,0.1032023988005997,0.032796101949025484,0.11329085457271364,0.3032893553223388,0.1092023988005997,0.0,0.09868515742128936,0.13432383808095952,0.12930134932533732,0.17074512743628187,0.19186056971514243,0.1652368815592204,0.10984707646176911,0.0,temple_8.jpg,temple
83,0.2273777777777778,0.1548037037037037,0.0800037037037037,0.05642962962962963,0.04564074074074074,0.24122592592592593,0.1945185185185185,0.0,0.1024925925925926,0.13903333333333334,0.1338037037037037,0.09555185185185185,0.3056888888888889,0.20312592592592593,0.020303703703703702,0.0,0.04239259259259259,0.09301111111111111,0.1228074074074074,0.39126666666666665,0.20904074074074075,0.08352222222222222,0.05795925925925926,0.0,temple_80.jpg,temple
84,0.31448691460055095,0.1693526170798898,0.09829545454545455,0.03925964187327824,0.025413223140495867,0.16528581267217632,0.18790633608815427,0.0,0.15677685950413223,0.19390151515151516,0.1343904958677686,0.10246212121212121,0.26054407713498623,0.05399104683195592,0.09793388429752066,0.0,0.08055096418732782,0.14647038567493112,0.2378202479338843,0.25040289256198345,0.09816804407713499,0.05473140495867768,0.13185606060606062,0.0,temple_81.jpg,temple
85,0.08490312276720044,0.10824822426764175,0.07806077417727904,0.05616988189803724,0.051080149623838944,0.08343210187870383,0.5381057453872988,0.0,0.033066448114991806,0.08202412474257134,0.11267179422519229,0.07487706468288993,0.05332450720800235,0.05321733282898331,0.590818728197369,0.0,0.006852855881982096,0.0242676417433699,0.05870213928466356,0.11321186903711175,0.12027276930189551,0.25326356491405033,0.4234291598369268,0.0,temple_82.jpg,temple
86,0.22899583333333334,0.14650833333333332,0.08530833333333333,0.058916666666666666,0.05324583333333333,0.24066666666666667,0.18635833333333332,0.0,0.10588333333333333,0.13772916666666668,0.13015416666666665,0.10026666666666667,0.3074875,0.19986666666666666,0.0186125,0.0,0.0453875,0.09397083333333334,0.12968333333333334,0.387425,0.2061,0.08049166666666667,0.05694166666666667,0.0,temple_83.jpg,temple
87,0.09415,0.13025416666666667,0.1519,0.12390833333333333,0.046941666666666666,0.026804166666666667,0.42604166666666665,0.0,0.05892083333333333,0.1038125,0.13726666666666668,0.14831666666666668,0.08072083333333334,0.11935,0.3516125,0.0,0.012529166666666666,0.042225,0.067475,0.1046125,0.14673333333333333,0.2073625,0.4190625,0.0,temple_84.jpg,temple
88,0.12523333333333334,0.1432875,0.12828333333333333,0.047308333333333334,0.0296375,0.40752083333333333,0.11872916666666666,0.0,0.04293333333333333,0.09757083333333333,0.12619583333333334,0.35855,0.26440416666666666,0.08147083333333334,0.028875,0.0,0.0039,0.061095833333333335,0.25385,0.28886666666666666,0.18805,0.14932916666666668,0.05490833333333334,0.0,temple_85.jpg,temple
89,0.21867267267267268,0.1687027027027027,0.08276276276276276,0.11748348348348349,0.057039039039039036,0.008654654654654655,0.34668468468468466,0.0,0.11345345345345345,0.20876876876876876,0.06846246246246246,0.07006006006006006,0.09679279279279279,0.10815615615615616,0.3343063063063063,0.0,0.037255255255255255,0.1353933933933934,0.15754954954954956,0.0801081081081081,0.048096096096096094,0.2438078078078078,0.2977897897897898,0.0,temple_86.jpg,temple
90,0.05940128980429786,0.19504831187378663,0.1857954165086024,0.1012518688773347,0.06370584428625622,0.07055988217704684,0.32423738647267536,0.0,0.020861134045924174,0.12714056189052284,0.20580188784504497,0.15886126793564367,0.08391872894026287,0.0762970566576663,0.3271193626849352,0.0,0.03335081338004597,0.13366545422087342,0.173613683529333,0.15661526789101377,0.09569990850869167,0.08803918505790731,0.3190156874121349,0.0,temple_87.jpg,temple
91,0.11910625916422288,0.28038512646627567,0.057104563782991204,0.008184796554252199,0.005023139662756598,0.03621013563049853,0.4939859787390029,0.0,0.08329705828445748,0.29406272910557185,0.0769107404692082,0.011105892595307918,0.05827872983870968,0.39510401392961875,0.0812408357771261,0.0,0.031410373900293255,0.2721888746334311,0.10715840359237537,0.0847690615835777,0.25922722690615835,0.22606992302052786,0.019176136363636364,0.0,temple_88.jpg,temple
92,0.12780654325513197,0.21021581744868034,0.16438324780058652,0.09652217741935484,0.06180695564516129,0.10448359604105571,0.23478166239002932,0.0,0.08162458760997067,0.16600416972140764,0.16520230021994134,0.1367588434750733,0.12645482038123168,0.24513150659824046,0.0788237719941349,0.0,0.0668759164222874,0.0913272085777126,0.13310460960410558,0.1579224706744868,0.22435735887096775,0.27826017228739003,0.04815226356304985,0.0,temple_89.jpg,temple
93,0.1988386167146974,0.14972766570605187,0.12194812680115273,0.05175648414985591,0.026612391930835734,0.019743515850144094,0.4313731988472623,0.0,0.05893371757925072,0.08279827089337176,0.11962680115273776,0.14815706051873198,0.1105792507204611,0.27971037463976944,0.20019452449567723,0.0,0.05294812680115274,0.09739913544668588,0.1031628242074928,0.1860086455331412,0.19501729106628243,0.24913976945244956,0.11632420749279539,0.0,temple_9.jpg,temple
94,0.3282470703125,0.056525336371527776,0.02911376953125,0.024013943142361112,0.022786458333333332,0.010396321614583334,0.5289171006944444,0.0,0.09751383463541667,0.1904568142361111,0.0674099392361111,0.03936767578125,0.032857259114583336,0.06815592447916667,0.5042385525173612,0.0,0.002963595920138889,0.038187662760416664,0.11425103081597222,0.16081407335069445,0.088623046875,0.26202392578125,0.3331366644965278,0.0,temple_90.jpg,temple
95,0.3883511271994135,0.09403638196480939,0.06480823863636363,0.05573565799120234,0.017818685850439882,0.08953445747800587,0.2897154508797654,0.0,0.2491694923020528,0.17186927236070382,0.058685392228739,0.061675219941348974,0.11713022360703812,0.16528248717008798,0.17618791239002932,0.0,0.11672928885630499,0.17189791055718476,0.11794927602639296,0.08677946297653959,0.11852203995601172,0.1940065982404692,0.19411542338709678,0.0,temple_91.jpg,temple
96,0.07670298793859649,0.1909893548976608,0.15249794407894737,0.08360745614035088,0.06998697916666667,0.02254660087719298,0.4036686769005848,0.0,0.03553316885964912,0.14172720211988304,0.18141218932748537,0.13690720942982457,0.08127741228070176,0.16971057200292397,0.2534322459795322,0.0,0.031861065423976605,0.061329267178362575,0.11268731725146199,0.14909425255847952,0.20459841008771928,0.3661366959064328,0.07429299159356725,0.0,temple_92.jpg,temple
97,0.1605285465542522,0.1822993035190616,0.12757743768328444,0.08958027859237537,0.057436766862170086,0.19662985703812316,0.18594780975073313,0.0,0.09472942631964809,0.14848332111436952,0.1508087426686217,0.21697443181818182,0.23731900659824046,0.12935300586510265,0.022332065615835776,0.0,0.11311514846041056,0.1977410190615836,0.24551525843108504,0.20648712426686217,0.14131231671554254,0.07081653225806452,0.025012600806451613,0.0,temple_93.jpg,temple
98,0.14216587370242215,0.14928903546712802,0.14789684256055363,0.13534007352941177,0.07672604887543252,0.0608442365916955,0.2877378892733564,0.0,0.05590397923875433,0.10817879541522492,0.13252189662629757,0.2481414900519031,0.2690987240484429,0.11743079584775086,0.0687243187716263,0.0,0.053781898788927335,0.16469777249134948,0.26486132136678203,0.1590343858131488,0.14082774653979238,0.14115889922145328,0.07563797577854671,0.0,temple_94.jpg,temple
99,0.1605285465542522,0.1822993035190616,0.12757743768328444,0.08958027859237537,0.057436766862170086,0.19662985703812316,0.18594780975073313,0.0,0.09472942631964809,0.14848332111436952,0.1508087426686217,0.21697443181818182,0.23731900659824046,0.12935300586510265,0.022332065615835776,0.0,0.11311514846041056,0.1977410190615836,0.24551525843108504,0.20648712426686217,0.14131231671554254,0.07081653225806452,0.025012600806451613,0.0,temple_95.jpg,temple
100,0.32293226047904194,0.1877806886227545,0.013841457709580838,0.0034033495508982037,0.010245134730538922,0.007093235404191617,0.454703873502994,0.0,0.13023952095808383,0.18720761601796407,0.15570616579341318,0.056412565494011975,0.14609258046407186,0.1833130613772455,0.14102848989520958,0.0,0.04507391467065868,0.09446926459580839,0.2627303985778443,0.26125678330838326,0.15994573353293412,0.11629865269461077,0.06022525261976048,0.0,temple_96.jpg,temple
101,0.1483266082875458,0.24612236721611722,0.2151120364010989,0.08320813301282051,0.07942469856532357,0.20788857409951159,0.019917582417582416,0.0,0.0016502594627594628,0.10538409073565323,0.2629170959249084,0.1936860882173382,0.3429606417887668,0.07992192269536019,0.013479901175213676,0.0,0.0008930956196581196,0.03533272283272283,0.1676181891025641,0.2787221459096459,0.18216527396214896,0.10382445245726496,0.2314441201159951,0.0,temple_97.jpg,temple
102,0.19422169343644655,0.17723775530438232,0.08570493753718025,0.04774538964901844,0.02805274638112235,0.025155661312710687,0.4418818163791394,0.0,0.0760142772159429,0.14105492762244695,0.16005750545310332,0.1101586357326988,0.2898334324806663,0.15023597065238944,0.07264525084275233,0.0,0.019282173309537975,0.09810033710093198,0.41424945468966884,0.23291889748165776,0.1184651992861392,0.06827285346024192,0.04871108467182233,0.0,temple_98.jpg,temple
103,0.09369900091549577,0.1660828722684393,0.11368069100027862,0.11113322453528639,0.06380607411535247,0.015463917525773196,0.43613421963937427,0.0,0.044103013175178125,0.1466385383911157,0.114934522151017,0.0994706046252438,0.19408510130159615,0.20441428173386936,0.19635393862197986,0.0,0.020459340046968914,0.09608725072642599,0.1325478645066274,0.258985789913625,0.25116427178282846,0.18329817298889464,0.05745731003462962,0.0,temple_99.jpg,temple
